url,title
http://nafdocs.org/wp-content/uploads/2015/04/MODAF-M3-and-Zachman-1_0.pdf,MODAF M3 and Zachman 1_0
http://nafdocs.org/wp-content/uploads/2013/06/l2-example-locations.png,l2 example locations
http://nafdocs.org/wp-content/uploads/2013/06/l2-example-activities-1.png,l2 example activities 1
http://nafdocs.org/wp-content/uploads/2013/06/l1-example2.png,l1-example2
http://nafdocs.org/wp-content/uploads/2013/06/l1-example.png,l1-example
http://nafdocs.org/wp-content/uploads/2013/06/c3-example-3.png,c3-example-3
http://nafdocs.org/wp-content/uploads/2013/06/c1s1-example-1.png,c1s1-example-1
http://nafdocs.org/wp-content/uploads/2013/06/d1-hlmm.png,d1-hlmm
http://nafdocs.org/wp-content/uploads/2013/06/pr-hlmm.png,pr-hlmm
http://nafdocs.org/wp-content/uploads/2013/06/p1-hlmm.png,p1-hlmm
http://nafdocs.org/wp-content/uploads/2013/06/p8-hlmm.png,p8-hlmm
http://nafdocs.org/wp-content/uploads/2013/06/p7-hlmm.png,p7-hlmm
http://nafdocs.org/wp-content/uploads/2013/06/p6-hlmm.png,p6-hlmm
http://nafdocs.org/wp-content/uploads/2013/06/l6-hlmm.png,l6-hlmm
http://nafdocs.org/wp-content/uploads/2013/06/p5-hlmm.png,p5-hlmm
http://nafdocs.org/wp-content/uploads/2013/06/p4-hlmm.png,p4-hlmm
http://nafdocs.org/wp-content/uploads/2013/06/p3-hlmm.png,p3-hlmm
http://nafdocs.org/wp-content/uploads/2013/06/p2-hlmm.png,p2-hlmm
http://nafdocs.org/wp-content/uploads/2013/06/lr-hlmm.png,lr-hlmm
http://nafdocs.org/wp-content/uploads/2013/06/l8-hlmm.png,l8-hlmm
http://nafdocs.org/wp-content/uploads/2013/06/l7-hlmm.png,l7-hlmm
http://nafdocs.org/wp-content/uploads/2013/06/s6-hlmm.png,s6-hlmm
http://nafdocs.org/wp-content/uploads/2013/06/l5-hlmm.png,l5-hlmm
http://nafdocs.org/wp-content/uploads/2013/06/l4-hlmm.png,l4-hlmm
http://nafdocs.org/wp-content/uploads/2013/06/l3-hlmm.png,l3-hlmm
http://nafdocs.org/wp-content/uploads/2013/06/l2-hlmm.png,l2-hlmm
http://nafdocs.org/wp-content/uploads/2013/06/l1-hlmm.png,l1-hlmm
http://nafdocs.org/wp-content/uploads/2013/06/sr-hlmm.png,sr-hlmm
http://nafdocs.org/wp-content/uploads/2013/06/s8-hlmm.png,s8-hlmm
http://nafdocs.org/wp-content/uploads/2013/06/s8-example-1.png,s8-example-1
http://nafdocs.org/wp-content/uploads/2013/06/s7-hlmm.png,s7-hlmm
http://nafdocs.org/wp-content/uploads/2013/06/s7-example-1.png,s7-example-1
http://nafdocs.org/wp-content/uploads/2013/06/s6-example-1.png,s6-example-1
http://nafdocs.org/wp-content/uploads/2013/06/s5-example-1.png,s5-example-1
http://nafdocs.org/wp-content/uploads/2013/06/s5-hlmm.png,s5-hlmm
http://nafdocs.org/wp-content/uploads/2013/06/s4-hlmm.png,s4-hlmm
http://nafdocs.org/wp-content/uploads/2013/06/s4-example-1.png,s4-example-1
http://nafdocs.org/wp-content/uploads/2013/06/s3-example-1.png,s3-example-1
http://nafdocs.org/wp-content/uploads/2013/06/s2-hlmm.png,s2-hlmm
http://nafdocs.org/wp-content/uploads/2013/06/s1-hlmm.png,s1-hlmm
http://nafdocs.org/wp-content/uploads/2013/06/s1-example-2.png,s1-example-2
http://nafdocs.org/wp-content/uploads/2013/06/s1-example-1.png,s1-example-1
http://nafdocs.org/wp-content/uploads/2013/06/cr-hlmm.png,cr-hlmm
http://nafdocs.org/wp-content/uploads/2013/06/cr-example-2.png,cr-example-2
http://nafdocs.org/wp-content/uploads/2013/06/cr-example-1.png,cr-example-1
http://nafdocs.org/wp-content/uploads/2013/06/c7-example-1.png,c7-example-1
http://nafdocs.org/wp-content/uploads/2013/06/c7-hlmm.png,c7-hlmm
http://nafdocs.org/wp-content/uploads/2013/06/c4-example-1.png,c4-example-1
http://nafdocs.org/wp-content/uploads/2013/06/c4-hlmm.png,c4-hlmm
http://nafdocs.org/wp-content/uploads/2013/06/c3-hlmm.png,c3-hlmm
http://nafdocs.org/wp-content/uploads/2013/06/c3-example-4.png,c3-example-4
http://nafdocs.org/wp-content/uploads/2013/06/c3-example-2.png,c3-example-2
http://nafdocs.org/wp-content/uploads/2013/06/c3-example-1.png,c3-example-1
http://nafdocs.org/wp-content/uploads/2013/06/c2-example-3.png,c2-example-3
http://nafdocs.org/wp-content/uploads/2013/06/c2-hlmm.png,c2-hlmm
http://nafdocs.org/wp-content/uploads/2013/06/c2-example-2.png,c2-example-2
http://nafdocs.org/wp-content/uploads/2013/06/c2-example-1.png,c2-example-1
http://nafdocs.org/wp-content/uploads/2013/06/c1-example.png,c1 example
http://nafdocs.org/wp-content/uploads/2013/06/c1.png,c1
http://nafdocs.org/wp-content/uploads/2013/09/high-level-modem-web.png,high-level-modem-web
http://nafdocs.org/wp-content/uploads/2013/06/cr-hlmm.svg,cr-hlmm
http://nafdocs.org/wp-content/uploads/2013/06/c7-hlmm.svg,c7-hlmm
http://nafdocs.org/wp-content/uploads/2013/06/c4-hlmm.svg,c4-hlmm
http://nafdocs.org/wp-content/uploads/2013/06/c3-hlmm.svg,c3-hlmm
http://nafdocs.org/wp-content/uploads/2013/06/c2-hlmm.svg,c2-hlmm
http://nafdocs.org/wp-content/uploads/2013/06/c1-hlmm.svg,c1-hlmm
http://nafdocs.org/wp-content/uploads/2013/06/c3-example-uml-aggregation.svg,c3-example-uml-aggregation
http://nafdocs.org/wp-content/uploads/2013/06/c3-example-uml-composite.svg,c3-example-uml-composite
http://nafdocs.org/wp-content/uploads/2013/06/c3-example2.svg,c3-example2
http://nafdocs.org/wp-content/uploads/2013/06/c3-example1.svg,c3-example1
http://nafdocs.org/wp-content/uploads/2013/06/c2-EntPhases.svg,c2-EntPhases
http://nafdocs.org/wp-content/uploads/2013/06/c2-vision.svg,c2-vision
http://nafdocs.org/wp-content/uploads/2013/06/c2-vision.svg,c2-vision
http://nafdocs.org/wp-content/uploads/2013/07/Gorman-Bailey-Van-Haperen-IEA14-v2.pdf,Gorman Bailey Van Haperen IEA14 v2
http://nafdocs.org/wp-content/uploads/2013/06/Sr-meta-model.svg,Sr - meta-model
http://nafdocs.org/wp-content/uploads/2013/06/s1-example-2.svg,s1 example 2
http://nafdocs.org/wp-content/uploads/2013/06/s1-example-1.svg,s1 example 1
http://nafdocs.org/wp-content/uploads/2013/06/Cr-example-2.svg,Cr example 2
http://nafdocs.org/wp-content/uploads/2013/06/Cr-example-1.svg,Cr example 1
http://nafdocs.org/wp-content/uploads/2013/06/c7-example.svg,c7 example
http://nafdocs.org/wp-content/uploads/2013/06/c4-example.svg,c4 example
http://nafdocs.org/wp-content/uploads/2013/06/C1-Example-1.svg,C1 Example 1
http://nafdocs.org/wp-content/uploads/2013/06/a2-meta-model.svg,a2-meta-model
http://nafdocs.org/wp-content/uploads/2013/06/D1-meta-model.svg,D1 - meta-model
http://nafdocs.org/wp-content/uploads/2013/06/Dr-meta-model.svg,Dr - meta-model
http://nafdocs.org/wp-content/uploads/2013/06/Lr-meta-model.svg,Lr - meta-model
http://nafdocs.org/wp-content/uploads/2013/06/L7-meta-model.svg,L7 - meta-model
http://nafdocs.org/wp-content/uploads/2013/06/L6-meta-model.svg,L6 - meta-model
http://nafdocs.org/wp-content/uploads/2013/06/L5-meta-model.svg,L5 - meta-model
http://nafdocs.org/wp-content/uploads/2013/06/L4-meta-model.svg,L4 - meta-model
http://nafdocs.org/wp-content/uploads/2013/06/L3-meta-model.svg,L3 - meta-model
http://nafdocs.org/wp-content/uploads/2013/06/L2-meta-model.svg,L2 - meta-model
http://nafdocs.org/wp-content/uploads/2013/06/L1-meta-model.svg,L1 - meta-model
http://nafdocs.org/wp-content/uploads/2013/06/S8-meta-model.svg,S8 - meta-model
http://nafdocs.org/wp-content/uploads/2013/06/S7-meta-model.svg,S7 - meta-model
http://nafdocs.org/wp-content/uploads/2013/06/S3-meta-model.svg,S3 - meta-model
http://nafdocs.org/wp-content/uploads/2013/06/S6-meta-model.svg,S6 - meta-model
http://nafdocs.org/wp-content/uploads/2013/06/S5-meta-model.svg,S5 - meta-model
http://nafdocs.org/wp-content/uploads/2013/06/S4-meta-model.svg,S4 - meta-model
http://nafdocs.org/wp-content/uploads/2013/06/S1-meta-model.svg,S1 - meta-model
http://nafdocs.org/wp-content/uploads/2013/06/Cr-meta-model.svg,Cr - meta-model
http://nafdocs.org/wp-content/uploads/2013/06/C8-meta-model.svg,C8 - meta-model
http://nafdocs.org/wp-content/uploads/2013/06/C7-meta-model.svg,C7 - meta-model
http://nafdocs.org/wp-content/uploads/2013/06/C4-meta-model.svg,C4 - meta-model
http://nafdocs.org/wp-content/uploads/2013/06/C3-meta-model.svg,C3 - meta-model
http://nafdocs.org/wp-content/uploads/2013/06/c2-example-1.svg,c2-example-1
http://nafdocs.org/wp-content/uploads/2013/06/C2-meta-model.svg,C2 - meta-model
http://nafdocs.org/wp-content/uploads/2013/06/C1-meta-model.svg,C1 - meta-model
http://nafdocs.org/wp-content/uploads/2013/09/NATO_OTAN_landscape_logo.svg,NATO_OTAN_landscape_logo
http://nafdocs.org/wp-content/uploads/2013/07/NAF-Grid.pdf,NAF Grid
http://nafdocs.org/wp-content/uploads/2013/07/MODEM-Impact-on-NAF.pdf,MODEM Impact on NAF
http://nafdocs.org/wp-content/uploads/2013/07/MODEM-into-NAF.pdf,MODEM into NAF
http://nafdocs.org/wp-content/uploads/2013/06/l2-ent-trust-example.svg,l2-ent-trust-example
http://nafdocs.org/wp-content/uploads/2013/06/l2-dbsy-example.svg,l2-dbsy-example
http://nafdocs.org/wp-content/uploads/2013/07/20130816_MODEM_to_NAF_Review_V1_1-U.pdf,20130816_MODEM_to_NAF_Review_V1_1-U
http://nafdocs.org/wp-content/uploads/2013/07/Reorganising-MODAF-and-NAF.pdf,Reorganising MODAF and NAF
http://nafdocs.org/wp-content/uploads/2013/06/e1-meta-model.svg,c1-meta-model
http://nafdocs.org/wp-content/uploads/2013/06/a3-meta-model.svg,a3-meta-model
http://nafdocs.org/wp-content/uploads/2013/06/ap-meta-model.svg,ap-meta-model
http://nafdocs.org/wp-content/uploads/2013/06/a1-meta-model.svg,a1-meta-model
http://nafdocs.org/wp-content/uploads/2013/06/e2-example-1.svg,c2-example-1
http://nafdocs.org/wp-content/uploads/2013/06/e2-meta-model.svg,c2-meta-model
